i,sym,date,pred,actual
2311,BTCUSDT,2024-02-07 16:00:00,-0.02877813852436939,0.15896764367175598
2316,BTCUSDT,2024-02-12 16:00:00,-0.05252011393367406,0.021293261641277983
2321,BTCUSDT,2024-02-17 16:00:00,-0.09294532020827728,0.012208685349773818
2326,BTCUSDT,2024-02-22 16:00:00,-0.04123899338694825,0.09971222324499784
2331,BTCUSDT,2024-02-27 16:00:00,-0.4073693145473225,0.09558415377485319
2336,BTCUSDT,2024-03-03 16:00:00,-0.008181397885868358,0.087595561353083
2341,BTCUSDT,2024-03-08 16:00:00,-0.13310967680990748,0.07403343187696776
2346,BTCUSDT,2024-03-13 16:00:00,-0.1252080167774885,-0.07083185884575516
2351,BTCUSDT,2024-03-18 16:00:00,-0.05238149266449321,-0.035271191464137486
2356,BTCUSDT,2024-03-23 16:00:00,-0.08389626222544122,0.095083095365738
2361,BTCUSDT,2024-03-28 16:00:00,-0.11749011604745707,-0.08996798981060405
2366,BTCUSDT,2024-04-02 16:00:00,-0.040437960493865166,0.07213607497379604
2371,BTCUSDT,2024-04-07 16:00:00,0.01153105811297106,-0.003016278992867494
2376,BTCUSDT,2024-04-12 16:00:00,0.029589150471331482,-0.1304572283084413
2381,BTCUSDT,2024-04-17 16:00:00,0.03884863230396984,0.09457805550303977
2386,BTCUSDT,2024-04-22 16:00:00,-0.06233618019950782,-0.04615892755414941
2391,BTCUSDT,2024-04-27 16:00:00,-0.0016310302227913187,-0.058604608312498585
2396,BTCUSDT,2024-05-02 16:00:00,0.012418867256771549,0.0755167776628538
2401,BTCUSDT,2024-05-07 16:00:00,-0.05180378801071195,-0.03655680172696463
2406,BTCUSDT,2024-05-12 16:00:00,-0.001397089744299529,0.09423774297080212
2411,BTCUSDT,2024-05-17 16:00:00,-0.10037311055596065,0.04840250598967266
2416,BTCUSDT,2024-05-22 16:00:00,0.0036761940112075564,-0.0011468866569389613
2421,BTCUSDT,2024-05-27 16:00:00,0.006816858874703735,-0.03818203004655352
2426,BTCUSDT,2024-06-01 16:00:00,-0.07250636091079254,0.05345879891672922
2431,BTCUSDT,2024-06-06 16:00:00,-0.058660707523750966,-0.07113244752616321
2436,BTCUSDT,2024-06-11 16:00:00,0.032795553923204324,0.007173453842123534
2441,BTCUSDT,2024-06-16 16:00:00,-0.0319058806520911,-0.04469353305729362
2446,BTCUSDT,2024-06-21 16:00:00,0.03686561481448947,-0.035215875940185826
2451,BTCUSDT,2024-06-26 16:00:00,-0.07814336217062456,0.02703480806766434
2456,BTCUSDT,2024-07-01 16:00:00,-0.04924449426373212,-0.0922031418023791
2461,BTCUSDT,2024-07-06 16:00:00,0.06602464914201289,0.0014933653406652425
2466,BTCUSDT,2024-07-11 16:00:00,0.05195632725700183,0.1303422302276076
2471,BTCUSDT,2024-07-16 16:00:00,-0.048867718340930955,0.03512657154921861
2476,BTCUSDT,2024-07-21 16:00:00,0.009900970521457442,0.005886775598317628
2481,BTCUSDT,2024-07-26 16:00:00,-0.03939930420393434,-0.017420803429100906
2486,BTCUSDT,2024-07-31 16:00:00,-0.011792225457514238,-0.1817840836683693
2491,BTCUSDT,2024-08-05 16:00:00,0.046515715324570106,0.11425126109208739
2496,BTCUSDT,2024-08-10 16:00:00,-0.02605565477026428,-0.014012646243880544
2501,BTCUSDT,2024-08-15 16:00:00,0.07229239071784543,-0.01414978936185185
2506,BTCUSDT,2024-08-20 16:00:00,-0.02101724961075213,0.09012364145677298
2511,BTCUSDT,2024-08-25 16:00:00,-0.004082122155347867,-0.09426430804493746
2516,BTCUSDT,2024-08-30 16:00:00,-0.005079241301990112,0.0007006610659687773
2521,BTCUSDT,2024-09-04 16:00:00,-0.0343712126066813,-0.047219359799892224
2526,BTCUSDT,2024-09-09 16:00:00,-0.05456010794653321,0.08109576970924759
2531,BTCUSDT,2024-09-14 16:00:00,0.1704975277785663,0.054795550084926425
2536,BTCUSDT,2024-09-19 16:00:00,0.037438475953271544,6.0168281182271244e-05
2541,BTCUSDT,2024-09-24 16:00:00,-0.09471239956063959,0.041105129829005715
2546,BTCUSDT,2024-09-29 16:00:00,-0.11090822044157045,-0.05888722280180425
2551,BTCUSDT,2024-10-04 16:00:00,-0.06564878441923594,0.006882231271410966
2556,BTCUSDT,2024-10-09 16:00:00,-0.07241177264768517,0.05726537837486512
2561,BTCUSDT,2024-10-14 16:00:00,-0.02635013570518896,0.035665873788102376
2566,BTCUSDT,2024-10-19 16:00:00,0.021882539093359465,-0.007768105915925694
2571,BTCUSDT,2024-10-24 16:00:00,-0.05463472632748223,0.06943515067720174
2576,BTCUSDT,2024-10-29 16:00:00,-0.0019890401432077764,-0.059370178581541366
2581,BTCUSDT,2024-11-03 16:00:00,0.004723751835536083,0.1221556534508077
2586,BTCUSDT,2024-11-08 16:00:00,-0.06924347313750023,0.21077012462901812
2591,BTCUSDT,2024-11-13 16:00:00,-0.21480675010483585,-0.002078343723250664
2596,BTCUSDT,2024-11-18 16:00:00,-0.09864952230127166,0.06545742435286073
2601,BTCUSDT,2024-11-23 16:00:00,-0.16867448389972473,-0.034345356444379416
2606,BTCUSDT,2024-11-28 16:00:00,-0.13641867915670158,0.007215911004816888
2611,BTCUSDT,2024-12-03 16:00:00,-0.10710389887953975,0.04413699692424755
2616,BTCUSDT,2024-12-08 16:00:00,-0.055172958803728744,-0.00032229941615768976
2621,BTCUSDT,2024-12-13 16:00:00,-0.09011548447107331,0.045581021858344783
2626,BTCUSDT,2024-12-18 16:00:00,-0.07867310858846299,-0.10697394263760529
2631,BTCUSDT,2024-12-23 16:00:00,-0.04272201315085422,0.01273694109674084
2636,BTCUSDT,2024-12-28 16:00:00,-0.03287483680822845,0.021519607895040593
2641,BTCUSDT,2025-01-02 16:00:00,-0.053123850108575676,0.015198519846802094
2646,BTCUSDT,2025-01-07 16:00:00,-0.041120652819809145,-0.029291586517845247
2651,BTCUSDT,2025-01-12 16:00:00,-0.05559895381382263,0.09402896062957344
2656,BTCUSDT,2025-01-17 16:00:00,-0.05242747402743497,0.0016767038156548786
2661,BTCUSDT,2025-01-22 16:00:00,-0.05008846688198254,-0.02962625254347906
2666,BTCUSDT,2025-01-27 16:00:00,-0.04557197521199041,0.009624010769396563
2671,BTCUSDT,2025-02-01 16:00:00,0.03795876202432935,-0.046394636064121864
2676,BTCUSDT,2025-02-06 16:00:00,-0.018896649813126554,-0.003271055881223006
2681,BTCUSDT,2025-02-11 16:00:00,-0.0421176466344122,-0.001098740262337028
2686,BTCUSDT,2025-02-16 16:00:00,-0.06470299318155559,0.012345016592098412
2691,BTCUSDT,2025-02-21 16:00:00,-0.04227429670777694,-0.107533380898991
2696,BTCUSDT,2025-02-26 16:00:00,0.002975177564159104,0.02822182300345255
2701,BTCUSDT,2025-03-03 16:00:00,0.07509687635370033,-0.04035165665159768
2706,BTCUSDT,2025-03-08 16:00:00,0.0641810265503524,-0.061971270201543915
2711,BTCUSDT,2025-03-13 16:00:00,0.06239594759753664,0.006862947118783991
2716,BTCUSDT,2025-03-18 16:00:00,0.016006146132173882,0.044042838182796196
2721,BTCUSDT,2025-03-23 16:00:00,-0.09153400987745619,-0.013410568819400392
2726,BTCUSDT,2025-03-28 16:00:00,0.02475537691177432,0.03213387030570547
2731,BTCUSDT,2025-04-02 16:00:00,-0.020153368955786788,-0.09535528700070528
2736,BTCUSDT,2025-04-07 16:00:00,0.001667839203823629,0.08302869134978152
2741,BTCUSDT,2025-04-12 16:00:00,-0.0005169900242598668,-0.0053131787068126934
2746,BTCUSDT,2025-04-17 16:00:00,0.0015786046654664432,0.07547850483650032
2751,BTCUSDT,2025-04-22 16:00:00,0.016836580666234946,0.032732147825867086
2756,BTCUSDT,2025-04-27 16:00:00,-0.006209325989514625,0.036516755216337016
2761,BTCUSDT,2025-05-02 16:00:00,0.01521892796855262,-0.00404906550937989
2766,BTCUSDT,2025-05-07 16:00:00,0.02093055605702676,0.05759513911096903
2771,BTCUSDT,2025-05-12 16:00:00,0.016089238232307457,0.004193324040846491
2776,BTCUSDT,2025-05-17 16:00:00,0.038758043953375454,0.08128023312287525
2781,BTCUSDT,2025-05-22 16:00:00,-0.05051432699891667,-0.010529313371266835
2786,BTCUSDT,2025-05-27 16:00:00,-0.04472482243973208,-0.04933283823154244
2791,BTCUSDT,2025-06-01 16:00:00,-0.0027072943715088504,0.0036509699470643753
2796,BTCUSDT,2025-06-06 16:00:00,-0.01625332023556003,0.04423745553988723
2801,BTCUSDT,2025-06-11 16:00:00,0.013638119024122597,-0.02102451812548012
2806,BTCUSDT,2025-06-16 16:00:00,0.006655270346997311,-0.036020514538888215
2811,BTCUSDT,2025-06-21 16:00:00,0.0521244101593088,0.03620779386304962
2816,BTCUSDT,2025-06-26 16:00:00,-0.0547352561593798,-0.012617876178761867
2821,BTCUSDT,2025-07-01 16:00:00,0.00027521684681008907,0.0278213206822453
2826,BTCUSDT,2025-07-06 16:00:00,-0.08668677904855293,0.07355896938662143
2831,BTCUSDT,2025-07-11 16:00:00,-0.05427290452886213,0.01868608943459349
2836,BTCUSDT,2025-07-16 16:00:00,-0.09511413415361103,-0.006615115947139483
2841,BTCUSDT,2025-07-21 16:00:00,0.008975618481027015,-0.0016193633941046226
2846,BTCUSDT,2025-07-26 16:00:00,-0.05970559104011375,0.0015872814313468986
2851,BTCUSDT,2025-07-31 16:00:00,-0.03845791178558755,-0.045490812583464324
2856,BTCUSDT,2025-08-05 16:00:00,-0.00045508660979465265,0.05184722106616557
2861,BTCUSDT,2025-08-10 16:00:00,-0.03736986949329468,-0.012699201091028511
2866,BTCUSDT,2025-08-15 16:00:00,0.011151473842179183,-0.03339401510080697
2871,BTCUSDT,2025-08-20 16:00:00,0.007864331972502248,-0.010215936366739897
2876,BTCUSDT,2025-08-25 16:00:00,0.00943900172899359,-0.029698584720687315
2881,BTCUSDT,2025-08-30 16:00:00,0.03680883668575041,0.0057351910551595164
2886,BTCUSDT,2025-09-04 16:00:00,0.0189775737446356,0.012546565585440872
2891,BTCUSDT,2025-09-09 16:00:00,0.01530092928739002,0.03927215592329403
2896,BTCUSDT,2025-09-14 16:00:00,-0.023153203217211704,0.005694126223703355
2901,BTCUSDT,2025-09-19 16:00:00,-0.0031253209135995164,-0.021826008089395943
2906,BTCUSDT,2025-09-24 16:00:00,0.020560034701974095,0.004129654021273854
2911,BTCUSDT,2025-09-29 16:00:00,0.03178085930292829,0.07009989544803585
2916,BTCUSDT,2025-10-04 16:00:00,-0.003785323942898766,-0.005225057616030426
2921,BTCUSDT,2025-10-09 16:00:00,0.021408547943939205,-0.06822888166435981
2926,BTCUSDT,2025-10-14 16:00:00,0.019090829521518193,-0.0391037303821441
2931,BTCUSDT,2025-10-19 16:00:00,0.049483991864859966,0.014528023598820106
2936,BTCUSDT,2025-10-24 16:00:00,-0.015126461187940698,0.013252344261103444
2941,BTCUSDT,2025-10-29 16:00:00,0.023928152280645154,-0.051720628259105395
2946,BTCUSDT,2025-11-03 16:00:00,0.07385772065185847,-0.03803232056920802
2951,BTCUSDT,2025-11-08 16:00:00,-0.028929745461051426,-0.003308917858031113
2956,BTCUSDT,2025-11-13 16:00:00,0.038637579705785186,-0.08366136198878571
2961,BTCUSDT,2025-11-18 16:00:00,-0.013114251928288967,-0.0626664313038311
2966,BTCUSDT,2025-11-23 16:00:00,-0.029548465936950707,0.06053917994214797
2971,BTCUSDT,2025-11-28 16:00:00,-0.017367203546923338,0.00025769819210630374
2976,BTCUSDT,2025-12-03 16:00:00,0.0026056466287580626,-0.026173442491277843
2981,BTCUSDT,2025-12-08 16:00:00,-0.015787568640092453,0.0015417620773214846
2986,BTCUSDT,2025-12-13 16:00:00,0.020370298177483592,-0.01761362564330804
2991,BTCUSDT,2025-12-18 16:00:00,0.04942644118933015,-0.012074966926023945
2996,BTCUSDT,2025-12-23 16:00:00,-0.0034164549619245532,0.00450912517482438
3001,BTCUSDT,2025-12-28 16:00:00,0.011865111191814215,0.017894060965946812
3006,BTCUSDT,2026-01-02 16:00:00,0.003801091308675675,0.02165281676751185
3011,BTCUSDT,2026-01-07 16:00:00,0.06649062092898506,0.003502030718031124
3016,BTCUSDT,2026-01-12 16:00:00,0.006414426854186361,0.04259007340708587
3021,BTCUSDT,2026-01-17 16:00:00,-0.029549693421644596,-0.06872168335582973
3026,BTCUSDT,2026-01-22 16:00:00,0.05805412754822292,-0.010834441907706771
3031,BTCUSDT,2026-01-27 16:00:00,0.040972814999960416,-0.1185612269121945
3036,BTCUSDT,2026-02-01 16:00:00,0.1594926331395643,-0.11561592713486568
3041,BTCUSDT,2026-02-06 16:00:00,0.15205636920980936,-0.0307013070276414
3046,BTCUSDT,2026-02-11 16:00:00,0.1583131097606807,0.015286672078410168
3051,BTCUSDT,2026-02-16 16:00:00,0.06498671506346732,0.0159330400702411
3056,BTCUSDT,2026-02-21 16:00:00,0.0447987639364571,-0.018001894629454118
3061,BTCUSDT,2026-02-26 16:00:00,0.09441263832038671,0.005121713035657338
3066,BTCUSDT,2026-03-03 16:00:00,0.03431088953250594,-0.0076175823072458515
3071,BTCUSDT,2026-03-08 16:00:00,-0.04920495208974984,0.06878543052269781
3076,BTCUSDT,2026-03-13 16:00:00,0.09617753925826933,-0.00506737944091773
3081,BTCUSDT,2026-03-18 16:00:00,0.02313098169810268,-0.018679688811775952
3086,BTCUSDT,2026-03-23 16:00:00,0.1299974245362383,-0.04438709309454891
3091,BTCUSDT,2026-03-28 16:00:00,-0.0011132404506117854,-0.0025007460459565145
3096,BTCUSDT,2026-04-02 16:00:00,0.00698773529446961,0.01968216548695345
3101,BTCUSDT,2026-04-07 16:00:00,0.0022120605722317777,0.039883699437567754
3106,BTCUSDT,2026-04-12 16:00:00,-0.04548171738118412,0.09725760717762078
3111,BTCUSDT,2026-04-17 16:00:00,0.006776673024235791,0.01914599010301954
3116,BTCUSDT,2026-04-22 16:00:00,-0.04290165871919571,-0.03128906718136004
3121,BTCUSDT,2026-04-27 16:00:00,-0.02353984867209613,0.022143450596560532
3126,BTCUSDT,2026-05-02 16:00:00,-0.05691125354501059,0.017930809549168814
3131,BTCUSDT,2026-05-07 16:00:00,-0.044764496608175386,0.00541940974742805
3136,BTCUSDT,2026-05-12 16:00:00,-0.0379433998082932,-0.02849709327656813
3141,BTCUSDT,2026-05-17 16:00:00,-0.02888760414290803,-0.01594530110786796
3146,BTCUSDT,2026-05-22 16:00:00,-0.06873393500300784,-0.01903840494600062
3151,BTCUSDT,2026-05-27 16:00:00,-0.06340874978263844,-0.05581314470108967
3156,BTCUSDT,2026-06-01 16:00:00,0.0005286490624287765,-0.1455547963886149
3161,BTCUSDT,2026-06-06 16:00:00,-0.06263889100271147,0.032536872379774096
3166,BTCUSDT,2026-06-11 16:00:00,0.03177406433302998,0.04969667610553463
3171,BTCUSDT,2026-06-16 16:00:00,-0.01069525502706703,-0.025013131248728615
3176,BTCUSDT,2026-06-21 16:00:00,0.03407640944357171,-0.06073114033790217
3181,BTCUSDT,2026-06-26 16:00:00,0.047201058284929154,-0.0029390702393029544
3186,BTCUSDT,2026-07-01 16:00:00,-0.06879580895592363,0.05650903855329936
3191,BTCUSDT,2026-07-06 16:00:00,0.020845377442294533,0.00988877488716966
3196,BTCUSDT,2026-07-11 16:00:00,-0.009703612143008522,0.008233710218277457
3201,BTCUSDT,2026-07-16 16:00:00,-0.019251524934470354,0.03050371231276161
3206,BTCUSDT,2026-07-21 16:00:00,0.0029813135429899162,-0.028555445406457713
2311,ETHUSDT,2024-02-07 16:00:00,-2.5123547186312045e-05,0.07947956143386481
2316,ETHUSDT,2024-02-12 16:00:00,-0.0322714874216633,0.07689210163143567
2321,ETHUSDT,2024-02-17 16:00:00,-0.11346335282192199,0.0844675173803342
2326,ETHUSDT,2024-02-22 16:00:00,-0.14451334167930374,0.08122937045145662
2331,ETHUSDT,2024-02-27 16:00:00,-0.15901968807471345,0.05954109608126634
2336,ETHUSDT,2024-03-03 16:00:00,0.025269916580951346,0.1398932843976648
2341,ETHUSDT,2024-03-08 16:00:00,-0.21585442404452027,0.015970591552761926
2346,ETHUSDT,2024-03-13 16:00:00,-0.08558610485918017,-0.11052376602863323
2351,ETHUSDT,2024-03-18 16:00:00,-0.096631139030804,-0.03396129002975734
2356,ETHUSDT,2024-03-23 16:00:00,-0.11827401026877338,0.051047285690374755
2361,ETHUSDT,2024-03-28 16:00:00,-0.04271407178949993,-0.09476966230921602
2366,ETHUSDT,2024-04-02 16:00:00,-0.05355734463249584,0.046174500787012684
2371,ETHUSDT,2024-04-07 16:00:00,-0.04052037902486494,0.015045534868764587
2376,ETHUSDT,2024-04-12 16:00:00,-0.058683989596260644,-0.14377555795170183
2381,ETHUSDT,2024-04-17 16:00:00,0.011170483159270717,0.08064100040054045
2386,ETHUSDT,2024-04-22 16:00:00,-0.05605970100283808,-0.01230686112219237
2391,ETHUSDT,2024-04-27 16:00:00,0.04305163207783824,-0.04903940643872773
2396,ETHUSDT,2024-05-02 16:00:00,-0.0016262510095444993,0.02714525066801321
2401,ETHUSDT,2024-05-07 16:00:00,-0.03312815106727274,-0.043420221529084646
2406,ETHUSDT,2024-05-12 16:00:00,0.05991892100164398,0.05918952219521989
2411,ETHUSDT,2024-05-17 16:00:00,0.02581780362384789,0.2087264454099076
2416,ETHUSDT,2024-05-22 16:00:00,-0.03760760760947879,0.0538540885719907
2421,ETHUSDT,2024-05-27 16:00:00,-0.04704480825069446,-0.04167476028183448
2426,ETHUSDT,2024-06-01 16:00:00,-0.03929109114681362,0.012051078884814492
2431,ETHUSDT,2024-06-06 16:00:00,-0.023781046102530623,-0.10344352222982311
2436,ETHUSDT,2024-06-11 16:00:00,0.00276562808247105,0.04202314536788032
2441,ETHUSDT,2024-06-16 16:00:00,-0.06096255898483616,-0.02758814620130523
2446,ETHUSDT,2024-06-21 16:00:00,-0.01994357558114568,-0.03757870053569334
2451,ETHUSDT,2024-06-26 16:00:00,0.04126402901805637,0.033613770370855
2456,ETHUSDT,2024-07-01 16:00:00,-0.05584401099305347,-0.13072723138604825
2461,ETHUSDT,2024-07-06 16:00:00,-0.014471452704240773,0.03243151966253999
2466,ETHUSDT,2024-07-11 16:00:00,0.015594652325009006,0.11483374810785851
2471,ETHUSDT,2024-07-16 16:00:00,-0.0020740803884524706,0.006734306993495753
2476,ETHUSDT,2024-07-21 16:00:00,0.04284122014157177,-0.06991290532740513
2481,ETHUSDT,2024-07-26 16:00:00,-0.009629814056465902,0.01453776839725096
2486,ETHUSDT,2024-07-31 16:00:00,0.07991267104134558,-0.2578634826135803
2491,ETHUSDT,2024-08-05 16:00:00,-0.028241015983627493,0.060736509231867686
2496,ETHUSDT,2024-08-10 16:00:00,-0.05540277305282537,0.02646176334820738
2501,ETHUSDT,2024-08-15 16:00:00,-0.047744972448274026,-0.035058593384025505
2506,ETHUSDT,2024-08-20 16:00:00,0.05061528474220722,0.07338320050954605
2511,ETHUSDT,2024-08-25 16:00:00,-0.01703379844231112,-0.11397030888743354
2516,ETHUSDT,2024-08-30 16:00:00,0.010453960390037986,0.0026135249918326497
2521,ETHUSDT,2024-09-04 16:00:00,-0.04811507368289747,-0.06638563049853363
2526,ETHUSDT,2024-09-09 16:00:00,0.032949983313047326,0.05523926690835479
2531,ETHUSDT,2024-09-14 16:00:00,0.009362004628787446,0.008719091461574457
2536,ETHUSDT,2024-09-19 16:00:00,0.007442898998737624,0.07092855503459128
2541,ETHUSDT,2024-09-24 16:00:00,-0.008748773849685088,0.020367549694218834
2546,ETHUSDT,2024-09-29 16:00:00,-0.06572633365135772,-0.09348510989423153
2551,ETHUSDT,2024-10-04 16:00:00,-0.09486298912368885,0.018304060903204578
2556,ETHUSDT,2024-10-09 16:00:00,-0.027659586641776923,0.07074220194296266
2561,ETHUSDT,2024-10-14 16:00:00,-0.041185938863696814,0.003935035859294889
2566,ETHUSDT,2024-10-19 16:00:00,-0.0162138749352716,-0.04526641644649565
2571,ETHUSDT,2024-10-24 16:00:00,0.016280549633597374,0.04845778353147989
2576,ETHUSDT,2024-10-29 16:00:00,0.005700702169496807,-0.07761931193855698
2581,ETHUSDT,2024-11-03 16:00:00,-0.010964764993347642,0.20225156074096828
2586,ETHUSDT,2024-11-08 16:00:00,0.03112403913272943,0.12689662217379438
2591,ETHUSDT,2024-11-13 16:00:00,0.058308707427095596,-0.050056353434235645
2596,ETHUSDT,2024-11-18 16:00:00,-0.011111225561102556,0.10072491658210891
2601,ETHUSDT,2024-11-23 16:00:00,-0.09715583816107343,0.023554603854389677
2606,ETHUSDT,2024-11-28 16:00:00,-0.006900084398415607,0.008325851642301707
2611,ETHUSDT,2024-12-03 16:00:00,-0.04567475181350389,0.11744743760972365
2616,ETHUSDT,2024-12-08 16:00:00,-0.10126846168609194,-0.026384827596575122
2621,ETHUSDT,2024-12-13 16:00:00,-0.0866984996038287,-0.0044754647251540325
2626,ETHUSDT,2024-12-18 16:00:00,-0.13104520826170296,-0.1527232022832089
2631,ETHUSDT,2024-12-23 16:00:00,0.09412516433216789,0.027682938364042897
2636,ETHUSDT,2024-12-28 16:00:00,0.05115600680166721,0.02824654117926495
2641,ETHUSDT,2025-01-02 16:00:00,-0.020801773225051612,-0.0002685269133265722
2646,ETHUSDT,2025-01-07 16:00:00,0.028055405456387295,-0.05103959380893652
2651,ETHUSDT,2025-01-12 16:00:00,0.056918870517874476,0.0414068277895967
2656,ETHUSDT,2025-01-17 16:00:00,0.0245823739347526,-0.04180329306142483
2661,ETHUSDT,2025-01-22 16:00:00,0.08223547120905406,-0.0443986946045688
2666,ETHUSDT,2025-01-27 16:00:00,-0.07930224041633294,0.037671593582136564
2671,ETHUSDT,2025-02-01 16:00:00,0.008233963151805801,-0.16774320550203614
2676,ETHUSDT,2025-02-06 16:00:00,0.012491359706463756,-0.015950920245398903
2681,ETHUSDT,2025-02-11 16:00:00,-0.024992674240837953,0.011867920560045597
2686,ETHUSDT,2025-02-16 16:00:00,-0.05264241811930259,0.010871340340875557
2691,ETHUSDT,2025-02-21 16:00:00,-0.06269660118256459,-0.10843280595403759
2696,ETHUSDT,2025-02-26 16:00:00,0.014894089293141954,-0.057989218395443576
2701,ETHUSDT,2025-03-03 16:00:00,0.003447213539389704,-0.04620529859228817
2706,ETHUSDT,2025-03-08 16:00:00,-0.012469966040113079,-0.14034862561935368
2711,ETHUSDT,2025-03-13 16:00:00,0.1638747021226894,0.0028685530868937104
2716,ETHUSDT,2025-03-18 16:00:00,0.05437762706002869,0.06715969567598323
2721,ETHUSDT,2025-03-23 16:00:00,0.0003534426361715415,-0.06731732105758748
2726,ETHUSDT,2025-03-28 16:00:00,-0.1073151390332796,0.01546400012819893
2731,ETHUSDT,2025-04-02 16:00:00,0.012175844578822703,-0.18133758363842956
2736,ETHUSDT,2025-04-07 16:00:00,0.10230572247515757,0.06386259806850836
2741,ETHUSDT,2025-04-12 16:00:00,0.1441094412956001,-0.043794165609711944
2746,ETHUSDT,2025-04-17 16:00:00,0.06727067549832144,0.07577738616337903
2751,ETHUSDT,2025-04-22 16:00:00,-0.001542737791443649,0.05321872284459461
2756,ETHUSDT,2025-04-27 16:00:00,0.028307437205583152,0.026357453450774893
2761,ETHUSDT,2025-05-02 16:00:00,0.03224668698196176,-0.012688204749386145
2766,ETHUSDT,2025-05-07 16:00:00,-0.02881042844452808,0.3684395836542482
2771,ETHUSDT,2025-05-12 16:00:00,-0.15190479468851514,-0.0050976103946225315
2776,ETHUSDT,2025-05-17 16:00:00,-0.0994602996224887,0.07662965297645008
2781,ETHUSDT,2025-05-22 16:00:00,0.138925820101383,0.0015725866986939785
2786,ETHUSDT,2025-05-27 16:00:00,-0.12622094190541644,-0.054500691376344834
2791,ETHUSDT,2025-06-01 16:00:00,-0.009211808032618007,-0.005489170283177747
2796,ETHUSDT,2025-06-06 16:00:00,-0.08339677571309734,0.14182441318295935
2801,ETHUSDT,2025-06-11 16:00:00,0.005568759396224809,-0.08135614516365464
2806,ETHUSDT,2025-06-16 16:00:00,-0.03783477340758068,-0.07916172760706364
2811,ETHUSDT,2025-06-21 16:00:00,-0.037963530750251606,0.00404749723565434
2816,ETHUSDT,2025-06-26 16:00:00,-0.11712574878366,-0.004076382867686079
2821,ETHUSDT,2025-07-01 16:00:00,-0.05936871498637364,0.055603005434042396
2826,ETHUSDT,2025-07-06 16:00:00,0.011553537078784482,0.1537111520225769
2831,ETHUSDT,2025-07-11 16:00:00,0.041856936693875024,0.09931495246678113
2836,ETHUSDT,2025-07-16 16:00:00,0.020308061353150775,0.17429024026430295
2841,ETHUSDT,2025-07-21 16:00:00,-0.03172752578379856,-0.019489330208461775
2846,ETHUSDT,2025-07-26 16:00:00,0.05760758401548571,0.01400417020205924
2851,ETHUSDT,2025-07-31 16:00:00,-0.009819604222484735,-0.05746829094460648
2856,ETHUSDT,2025-08-05 16:00:00,0.09128754808749284,0.18116640154146046
2861,ETHUSDT,2025-08-10 16:00:00,-0.017422783413001075,0.05067670099963939
2866,ETHUSDT,2025-08-15 16:00:00,-0.19689279575105778,-0.039731452750352725
2871,ETHUSDT,2025-08-20 16:00:00,-0.11786681978727731,0.08391869693245191
2876,ETHUSDT,2025-08-25 16:00:00,-0.15006293957042394,-0.051018151543271384
2881,ETHUSDT,2025-08-30 16:00:00,-0.005751378986205147,-0.016394903323532106
2886,ETHUSDT,2025-09-04 16:00:00,-0.07502476151352089,-0.004675730103757991
2891,ETHUSDT,2025-09-09 16:00:00,-0.009115230564540222,0.06936159884996318
2896,ETHUSDT,2025-09-14 16:00:00,-0.07608818425654151,-0.023344172140628117
2901,ETHUSDT,2025-09-19 16:00:00,-0.010693153493708807,-0.06917478711067115
2906,ETHUSDT,2025-09-24 16:00:00,-0.03483397206760486,-0.00017043749624923166
2911,ETHUSDT,2025-09-29 16:00:00,-0.033328998359709594,0.06965599369994036
2916,ETHUSDT,2025-10-04 16:00:00,-0.06020962122432183,-0.031556666876161654
2921,ETHUSDT,2025-10-09 16:00:00,-0.044382609390970496,-0.05299021686981542
2926,ETHUSDT,2025-10-14 16:00:00,-0.08512783032331606,-0.026060098777759833
2931,ETHUSDT,2025-10-19 16:00:00,-0.14367933145294842,-0.022648801596196533
2936,ETHUSDT,2025-10-24 16:00:00,-0.010497889317536702,0.01611588628375582
2941,ETHUSDT,2025-10-29 16:00:00,-0.05040873139158941,-0.09187476752336154
2946,ETHUSDT,2025-11-03 16:00:00,-0.01262963183388044,-0.05892580497754196
2951,ETHUSDT,2025-11-08 16:00:00,0.12680782784538724,0.00283350703491414
2956,ETHUSDT,2025-11-13 16:00:00,0.16011217074573136,-0.08272192878084217
2961,ETHUSDT,2025-11-18 16:00:00,-0.055899135558793,-0.08701151978061239
2966,ETHUSDT,2025-11-23 16:00:00,0.04607557178741417,0.08362418473470812
2971,ETHUSDT,2025-11-28 16:00:00,-0.10167147645752672,0.00409929401047604
2976,ETHUSDT,2025-12-03 16:00:00,-0.09393270005751231,0.004960632472539972
2981,ETHUSDT,2025-12-08 16:00:00,-0.07274412837707678,0.002617995170250298
2986,ETHUSDT,2025-12-13 16:00:00,-0.15061055906079468,-0.046422036639836906
2991,ETHUSDT,2025-12-18 16:00:00,-0.11588667028692878,-0.012450385617983617
2996,ETHUSDT,2025-12-23 16:00:00,-0.03016309088959168,0.007102733527975635
3001,ETHUSDT,2025-12-28 16:00:00,-0.0371220404287107,0.046483004153598406
3006,ETHUSDT,2026-01-02 16:00:00,-0.05844045037467527,0.025366615473343845
3011,ETHUSDT,2026-01-07 16:00:00,-0.04370338675552121,-0.010759551669547562
3016,ETHUSDT,2026-01-12 16:00:00,-0.09087029512602296,0.06363357588689644
3021,ETHUSDT,2026-01-17 16:00:00,-0.04537781474207081,-0.11638872121064703
3026,ETHUSDT,2026-01-22 16:00:00,-0.09333916691661792,-0.0015770297460437899
3031,ETHUSDT,2026-01-27 16:00:00,-0.10196815440857332,-0.2116523692810458
3036,ETHUSDT,2026-02-01 16:00:00,0.11122447447751371,-0.14473735345553462
3041,ETHUSDT,2026-02-06 16:00:00,-0.0357976229751068,-0.026026677976028312
3046,ETHUSDT,2026-02-11 16:00:00,0.07949512663870917,0.014255278340789213
3051,ETHUSDT,2026-02-16 16:00:00,0.13489398596296653,0.016017499655015532
3056,ETHUSDT,2026-02-21 16:00:00,0.24530373626097224,0.022822505596217235
3061,ETHUSDT,2026-02-26 16:00:00,0.08729580808726611,-0.031406763323038156
3066,ETHUSDT,2026-03-03 16:00:00,0.09385402994348713,-0.013404689610350129
3071,ETHUSDT,2026-03-08 16:00:00,0.21299917438537674,0.09521064712360916
3076,ETHUSDT,2026-03-13 16:00:00,0.008783106003825036,0.028058419405467827
3081,ETHUSDT,2026-03-18 16:00:00,-0.010198062696261445,-0.027045804632114034
3086,ETHUSDT,2026-03-23 16:00:00,0.17855508939267595,-0.04764164239406177
3091,ETHUSDT,2026-03-28 16:00:00,-0.15757658663670526,0.015943251495913247
3096,ETHUSDT,2026-04-02 16:00:00,0.09694298112779243,0.010245155401041872
3101,ETHUSDT,2026-04-07 16:00:00,0.1323911992756932,0.050965822523202364
3106,ETHUSDT,2026-04-12 16:00:00,0.10070247832014712,0.11676308508448985
3111,ETHUSDT,2026-04-17 16:00:00,0.044155791897781294,-0.01563082265547877
3116,ETHUSDT,2026-04-22 16:00:00,0.014737428271122788,-0.053548548132124285
3121,ETHUSDT,2026-04-27 16:00:00,-0.1318245604103756,0.014953320322801833
3126,ETHUSDT,2026-05-02 16:00:00,-0.01104449007459607,-0.006032653414750233
3131,ETHUSDT,2026-05-07 16:00:00,-0.0246364129277461,-0.014443374564847122
3136,ETHUSDT,2026-05-12 16:00:00,-0.02538542707403113,-0.03348334674317632
3141,ETHUSDT,2026-05-17 16:00:00,0.003017432865415115,-0.030499295607150145
3146,ETHUSDT,2026-05-22 16:00:00,-0.01473639078422806,-0.022612757123985583
3151,ETHUSDT,2026-05-27 16:00:00,0.020980309288520793,-0.049814883644595964
3156,ETHUSDT,2026-06-01 16:00:00,0.020696318972507788,-0.20724217285506008
3161,ETHUSDT,2026-06-06 16:00:00,0.08523153352428192,0.05450747186835159
3166,ETHUSDT,2026-06-11 16:00:00,-0.030092994377362348,0.0831803984005639
3171,ETHUSDT,2026-06-16 16:00:00,0.01696912531522443,-0.028982417557757323
3176,ETHUSDT,2026-06-21 16:00:00,0.08339539350029623,-0.08708111855789236
3181,ETHUSDT,2026-06-26 16:00:00,-0.08322953349771056,0.025359475469596493
3186,ETHUSDT,2026-07-01 16:00:00,-0.047968196665818086,0.10394716538592097
3191,ETHUSDT,2026-07-06 16:00:00,0.005424318306346931,0.014609518271682331
3196,ETHUSDT,2026-07-11 16:00:00,0.00023816320297820326,0.037053160594922474
3201,ETHUSDT,2026-07-16 16:00:00,-0.05617600369866316,0.0265153326638079
3206,ETHUSDT,2026-07-21 16:00:00,-0.036208366265729874,-0.00897594508833588
