anno1,anno2,anno3,anno4,anno5,anno6,anno7,anno8,anno9,anno10,anno11,anno12,anno13,anno14,anno15,anno16,anno17,anno18,anno19,anno20
0.00022415021918041375,0.0005782271905553592,0.0008451470915897726,0.001058764803865879,0.0013249635063718502,0.0017562299233206543,0.002484633965875373,0.0030235654387820578,0.003464994004108647,0.003850669396392116,0.0041155731234511364,0.0043754434898969595,0.004694724555483903,0.004979725399465525,0.005265826490367442,0.005562794814051101,0.005869786438086146,0.006097461033928067,0.0062895378529835575,0.006440422920419173
0.00019095899840513867,0.0004808665387334101,0.0007128814064765765,0.0010020056373151516,0.0014704135217751986,0.0022615490778871514,0.002846894333562657,0.003326339549556386,0.003745230025346075,0.0040329477550389665,0.004315198641722767,0.004661976787672124,0.004971522435448838,0.005282263085460978,0.0056048068745935846,0.005938237189382692,0.006185519545699969,0.006394138378355978,0.006558017948979991,0.006694574885407703
0.00014469072585945216,0.00037805144281488883,0.0006688527972882863,0.001139977776512361,0.0019357024745846943,0.002524443143920194,0.0030066694789540444,0.0034279898137538583,0.0037173765083869277,0.004001264648481257,0.004350054351272199,0.004661395581247046,0.004973938745309718,0.005298353514990896,0.005633717959824647,0.005882434727512607,0.006092263695942783,0.006257093883193988,0.006394442945777704,0.006542170433667588
0.0001300567809217999,0.0004332704235969525,0.0009245044529723395,0.0017541931066101949,0.002368063022255842,0.002870872247145055,0.003310175818062408,0.0036119144189032154,0.003907919770137404,0.004271596880590822,0.004596227103261509,0.004922110562230508,0.005260372343131699,0.005610051164696727,0.005869383922144235,0.006088169030527571,0.006260034672590242,0.006403246211819283,0.006557279159181085,0.006701434782020927
0.00017903625033950307,0.0006568354055366204,0.0014638327104441436,0.0020609137544210033,0.0025499715324068957,0.002977260487380716,0.0032707467687676426,0.0035586566005302196,0.003912387420766996,0.004228139255672912,0.004545110051824973,0.004874120632292221,0.005214236006112177,0.0054664762114190225,0.005679277714784305,0.005846442963269569,0.00598573777667067,0.006135558040986582,0.006275771118035356,0.006410141820879775
0.0003072369808679996,0.0011224324131993413,0.0017255790864553833,0.0022196051065371974,0.0026512348062425833,0.0029477025572296187,0.003238537208533732,0.0035958615108309783,0.003914821006730459,0.00423501184706443,0.0045673647815222705,0.0049109353207516,0.005165737984857182,0.005380701296979394,0.005549564744454398,0.005690274626558697,0.005841616885570331,0.00598325435978269,0.006118990108256441,0.006225687769836012
0.0004915607047478071,0.0011493312143174732,0.00168809858447578,0.0021588187262083524,0.0024821360091919105,0.0027993100321473726,0.0031889953256678577,0.003536841313140993,0.0038860301614671243,0.004248482561105089,0.004623168485246908,0.004901047292575236,0.0051354787063971705,0.005319635232194955,0.005473088471609477,0.005638137006640106,0.0057926018453233405,0.005940630469867369,0.006056991180021353,0.0061477737180238206
0.0003362625945465824,0.000963692717748183,0.0015118773571296687,0.001888401649304182,0.0022577717101540415,0.002711585926207192,0.0031166755119245372,0.003523328947639313,0.003945428663315751,0.00438177512482683,0.0047053833163657795,0.0049783941537025,0.0051928565693379015,0.005371562983728304,0.005563772884335468,0.0057436573727684985,0.005916046465500179,0.006051556184075542,0.006157278434824889,0.0062494435724732055
0.00037292659331434355,0.0009586189319130668,0.0013609056385813524,0.0017555486095912653,0.002240413544496065,0.00267322002931198,0.003107697365327311,0.003558677841313153,0.00402487984903459,0.004370629847987503,0.004662320538122408,0.004891456826758209,0.005082390629436453,0.005287751849180692,0.0054799443316750065,0.005664128571103624,0.005808910088631747,0.005921866030544257,0.006020337259266428,0.006112516599657023
0.0002977713265757346,0.000731425812076404,0.0011568405516463977,0.0016795121945272912,0.0021460661978862953,0.0026144213348776595,0.0031005664225545143,0.0036031199209591307,0.003975829323040902,0.004290264212534006,0.004537267103036739,0.00474308871879645,0.004964462710563497,0.005171641150048677,0.0053701869142083886,0.0055262575808571746,0.005648021114333074,0.0057541705080870744,0.005853537411761166,0.005933850286065308
0.00023104903471645792,0.000689008883427251,0.0012516659900923884,0.001753912341522698,0.0022580976170406327,0.0027814338113366405,0.0033224336937833364,0.0037236561374696716,0.004062145947595221,0.00432804507107199,0.004549612466950196,0.004787922027828638,0.005010950047258981,0.005224684973812438,0.005392695369876562,0.005523774065987276,0.0056380441083310395,0.005745012786048797,0.005831469761665184,0.005894246943330734
0.0002924624064686413,0.0008920119310987908,0.0014271896755549364,0.001964433475875762,0.00252208388639241,0.0030985561614310007,0.0035260860415898833,0.003886770021848755,0.004170103674248438,0.004406198847132085,0.004660133938766007,0.004897785505670054,0.005125534648254422,0.005304561184842928,0.005444234476109273,0.00556599700030937,0.00567997942249206,0.00577210522703222,0.005838998595976375,0.005895420672337708
0.00033002194687035405,0.0009251986778399173,0.001522673091006244,0.0021428419074289353,0.002783942714976008,0.003259403137425662,0.0036605235399598097,0.003975621839087096,0.004238185734260613,0.004520589588461839,0.004784884365598885,0.005038166553747859,0.0052372638254623806,0.005392595944110442,0.005528009312582371,0.005654770348752937,0.0057572244133177386,0.005831617224050523,0.005894364801488331,0.005955782382480454
0.0003403550617980747,0.000985201657767553,0.0016545420368429392,0.002346474049846024,0.0028596324850500396,0.003292556674685663,0.003632638293430128,0.003916020192798588,0.004220815109630659,0.0045060651280643205,0.004779429398145788,0.004994312571554888,0.005161960567431566,0.005308110507552227,0.005444922094583984,0.00555549947383563,0.00563579069586706,0.0057035133645277495,0.0057698005848047865,0.005830874237441334
0.0004035652161758488,0.0011536440953523828,0.0019290397012422568,0.002504097348966302,0.0029892425771368626,0.003370346194057096,0.0036879107458189903,0.004029471238422047,0.004349129249204793,0.004655467805370884,0.004896271042263964,0.0050841414065427165,0.005247920534030669,0.005401234879119037,0.005525150541888297,0.005615126810632522,0.005691018457083052,0.005765301505653663,0.005833742105308085,0.0058870450851056305
0.0004577638079439899,0.0013334028494344497,0.0019828041661687067,0.0025306691519283433,0.00296104198779914,0.0033196614042672115,0.0037053789658346523,0.004066362484493261,0.0044123046044321585,0.004684238974370802,0.004896397290012423,0.005081349844708822,0.005254484726000608,0.005394420252264527,0.005496028686877287,0.00558173163392818,0.005665618022960151,0.005742906649082366,0.005803100658158468,0.005860909408704567
0.0005450913412038139,0.0013291291218480421,0.0019905796555300405,0.0025101790994957237,0.002943148919756519,0.003408834980338674,0.0038446590378591124,0.004262323254051706,0.0045906361391560456,0.004846779960633608,0.005070077614598769,0.0052791075081055315,0.005448055024253149,0.005570729323666562,0.005674200546574397,0.005775478595429662,0.005868791006926819,0.005941464677379846,0.006011258568017315,0.006070185614212189
0.00045447745699410337,0.0012165401277599902,0.0018151749762236932,0.002314003113457604,0.002850523903742875,0.003352640431503854,0.0038338348547713244,0.004212086865056575,0.004507192295856962,0.00476445538340669,0.005005280465259684,0.005199926306208712,0.005341260388630455,0.005460470446618655,0.005577153730508342,0.0056846597372316185,0.0057683876784451645,0.005848797801340163,0.005916688142215147,0.0059852590551236805
0.0004417273573599643,0.0011256560561490909,0.001695557523952594,0.0023085221164998128,0.002882180506674374,0.0034319357984260866,0.0038640813807834552,0.0042012336094097704,0.004495151695144179,0.004770289678324069,0.004992668774807719,0.0051541402216059235,0.005290335399771181,0.005423643787557018,0.005546467314251056,0.005642124862476707,0.005733991867650536,0.005811555264793451,0.005889896202279252,0.0059595908213654165
0.00038780358371644604,0.0010423649131231511,0.0017463864699079192,0.002405262819086649,0.0030366852226896596,0.003533026788496266,0.00392026357143111,0.004257843703794132,0.004573853916462342,0.004829267817373344,0.0050147261305179235,0.005171153341035957,0.0053242649234055755,0.005465334100197012,0.00557520174481932,0.005680715754577807,0.005769801330270117,0.005859779951285625,0.0059398278281534616,0.00600699660969739
0.0004087380629725775,0.0011976271328656733,0.0019359288869369225,0.002643467211420822,0.003199641141643476,0.0036335580616210506,0.004011832383007591,0.004365936600905503,0.004652139818386028,0.0048599545291013405,0.005035238532016139,0.0052068072185732115,0.00536488182665457,0.005487993659157643,0.005606227040247863,0.005706051592879113,0.00580687684454806,0.005896574233101874,0.005971839993201664,0.006038567800363993
0.0004763929432510615,0.0013121955232096212,0.0021131720260585247,0.0027427948099980662,0.0032340152076268786,0.0036622447926217857,0.0040631123474680975,0.004387111831748853,0.00462237074913785,0.00482080292277659,0.005015029131875729,0.005193979221770257,0.005333349318972496,0.005467196711867749,0.005580204189057566,0.00569434451854369,0.005795887428817728,0.005881092856174571,0.005956632800477442,0.006030399788488916
0.000511149485039034,0.001434089665800508,0.0021595843138380462,0.002725602219442928,0.0032190377811315164,0.003680944930985896,0.004054279406498113,0.0043253609013590285,0.004554008090827931,0.004777808878862272,0.004984007472362953,0.005144599277799277,0.0052988274437365005,0.005429042426390794,0.0055605627593261694,0.005677567479976567,0.005775747029872074,0.00586278934584717,0.005947788739721252,0.006024015463843447
0.0005727941435418625,0.0014424946838761466,0.002121019438917447,0.0027125347254623486,0.0032662547272559895,0.0037137965471118295,0.004038760657037233,0.00431285583439646,0.004581141295643077,0.004828325790620129,0.0050208382789465825,0.005205722233105577,0.005361819926011233,0.005519482432451833,0.0056597440719367955,0.005777438679091887,0.005881782314762061,0.0059836769586169005,0.006075055197362442,0.006154196330380224
0.0005524842032005404,0.0014079540344641586,0.0021537241461819195,0.002851842752735726,0.00341609412642685,0.0038258020850814992,0.004171375556621824,0.004509624259499519,0.00482126930507509,0.005063985027207799,0.005297082852884208,0.005493887561951179,0.005692665155221346,0.005869504099079271,0.006017891000184264,0.006149445275451293,0.0062779119130168745,0.006393119686793761,0.0064928991734016055,0.006590905568975249
0.00048496699453004895,0.0013104016670885876,0.002083094611406862,0.0027076203741927328,0.00316109410474727,0.0035435823820915862,0.0039179634452587665,0.004262898998597913,0.00453154206899659,0.0047895398412164175,0.005007367598100503,0.0052273789863753785,0.005423108197596713,0.005587346065541642,0.0057329532150137445,0.005875142899539176,0.006002657383600064,0.006113095501945275,0.006221571124349393,0.006344705689187716
0.0004932367980924342,0.0013767038630289683,0.0020907623343567688,0.002609246563706504,0.003046568786256561,0.0034746215353805253,0.003869007433610329,0.0041761634736205725,0.004471148093655268,0.0047202038802405585,0.004971756346043526,0.005195545514860924,0.005383328706375318,0.0055498102588778945,0.005712384414854905,0.0058581795172931205,0.005984450167218156,0.006108476975599436,0.006249264248719847,0.006368407362458669
0.0005625198143247479,0.0014079236169083048,0.0020217788636037104,0.0025395430030174227,0.0030463326236808805,0.0035132626461324284,0.0038769175772591564,0.004226162253283054,0.004521029855152011,0.004818853380365077,0.005083806772688026,0.005306131176839893,0.005503235676257114,0.00569571404488315,0.005868326987588155,0.00601782411126602,0.006164664656736847,0.006331348620068364,0.00647240715441941,0.0065961951111063516
0.0005009768687345927,0.001250199797925181,0.0018821415582175255,0.002500688693101379,0.0030705863701701278,0.003514434678350447,0.003940694974378639,0.004300586935203217,0.004664086661145479,0.004987467715170558,0.005258819214088127,0.0054993893015884,0.005734313101497503,0.0059449907412926365,0.006127455049467029,0.006306676949408181,0.0065101181481738955,0.006682282984856086,0.006833368726986313,0.006989560932399227
0.0004048132487349401,0.0010917824537468178,0.0017641906726892722,0.0023837131963675945,0.002866210379771719,0.0033295880438070076,0.0037208182326513932,0.004115970339132014,0.004467510369492945,0.004762490279356712,0.005024008432047309,0.005279388636683996,0.005508411403998646,0.005706764114019926,0.005901592077385306,0.0061227482777891085,0.00630990467165023,0.00647414647157783,0.006643939389095933,0.0068576940709873455
0.00039075632763689176,0.0011145505669208663,0.0017814175401566813,0.00230078757755436,0.0027995769653002445,0.003220705305112792,0.003646055278915058,0.004024460303846395,0.004341982834727551,0.004623486431877726,0.004898383013650491,0.005144907899839316,0.0053584188963074495,0.005568135781917618,0.005806192931317074,0.0060076519794157015,0.006184445280402114,0.00636721392020861,0.006597303920619837,0.0068117397519886725
0.0004326037120721329,0.0011635593377886603,0.0017328429669093827,0.002279568061498271,0.0027411685627811403,0.003207396414402757,0.0036221677149379156,0.003970205463925761,0.004278762711854721,0.004580077983117965,0.004850294922434175,0.005084325201761768,0.005314196740609585,0.005575132158885336,0.005795952248152401,0.005989736110798893,0.0061900695668446705,0.006442272160422854,0.006677316155079973,0.006868170742909123
0.000398247481780816,0.0010301154309780949,0.0016369448682238845,0.002149291521410695,0.0026667742337061723,0.0031271435077354134,0.0035134428626560042,0.00385592141901281,0.00419036185041779,0.004490285147962485,0.004750043597150972,0.0050051861138169325,0.005294807524278869,0.005539903518277936,0.005754991052179249,0.005977348210460371,0.0062572767512347055,0.006518160358768828,0.0067299965873861166,0.0069307891439886506
0.000351846147615349,0.0009988453616723287,0.0015451073944456742,0.002096845473703746,0.0025876894245588484,0.002999560312297453,0.003364709633002659,0.003721288735773273,0.00404106580306508,0.0043180192633856555,0.004590051234188904,0.0048988444690613395,0.005160164876004093,0.00538949037810764,0.005626566725789102,0.00592502546024854,0.006203178560073459,0.006429037532977349,0.00664312178521792,0.006843002414916647
0.0003638426611089335,0.0009412473872388275,0.0015244403522194708,0.0020432675816666984,0.0024786194510400903,0.00286458613162356,0.0032414940015218466,0.003579501732033218,0.00387224445862407,0.004159785118923623,0.004486182822800402,0.004762401247201751,0.005004800719968404,0.005255392918203216,0.005570866946219971,0.0058648777044108605,0.0061036130192769775,0.0063299023302988535,0.00654117826259077,0.006724472781562467
0.00031154793088856823,0.0009257772646555105,0.0014722154465600138,0.0019307358758801566,0.002337242934961179,0.0027342090914833617,0.003090204920628807,0.00339852683244231,0.003701369834350887,0.004045137774353299,0.00433605599350539,0.0045913554837313415,0.004855283699967749,0.005187546627823774,0.0054972040533551305,0.005748644386490361,0.005986976364229774,0.006209495981106428,0.006402545069541255,0.00656067799916125
0.00038882081837785296,0.0009971757152355872,0.0015076509304081762,0.0019602191589628837,0.002402165408702197,0.002798498997923109,0.0031417567552901858,0.00347891478943059,0.003861634951763081,0.004185517010277863,0.004469744394431235,0.004763578222453169,0.005133489743827834,0.005478234341494474,0.005758165288847439,0.006023502577742999,0.00627123581282187,0.006486159224421563,0.00666221013973918,0.006812630097817061
0.0003130505113090246,0.0008280974746791551,0.001284718844153662,0.0017306231057819014,0.0021305062059649347,0.0024768381341965153,0.002817015710890707,0.0032031634641429946,0.0035299461673379104,0.003816719054176963,0.004113184418919404,0.004486408818727399,0.004834240903202702,0.005116678874924253,0.00538439248932239,0.005634344390337001,0.005851192627452966,0.0060288202313753545,0.006180587330610683,0.006331546347595846
0.00029372986995315027,0.0007986923693170973,0.001291803172887149,0.0017340206931801881,0.002117017740144101,0.002493208892898856,0.0029202369464269864,0.0032816151507456177,0.003598747819886164,0.003926599080389961,0.004339335623945827,0.004723991644179299,0.005036330473787579,0.005332386122685079,0.0056087996790684805,0.005848604986303139,0.006045037489967831,0.0062128717151581315,0.006379812308862885,0.006501879798260827
0.00027656800050770665,0.0007868247342635126,0.001244418577028028,0.0016407327944555578,0.002030004470279233,0.00247188069411745,0.0028458243612429017,0.003173984033980488,0.0035132349936659157,0.003940322778179562,0.004338353652950198,0.004661552799809676,0.004967902584326073,0.005253927302147905,0.005502070867287788,0.005705333515353423,0.0058790034956864995,0.006051748772119977,0.00617806066386322,0.0062965061479978825
0.00029452472367116276,0.000767966838495688,0.0011780069738706615,0.0015807606567651447,0.0020379407897860766,0.0024248355948375076,0.0027643607259502517,0.0031153612788409357,0.0035572407907991373,0.003969057038103499,0.0043034498408435875,0.004620409721643645,0.004916340598859016,0.005173078350289778,0.0053833807822098465,0.005563065636083064,0.0057417937599286905,0.0058724803285964905,0.0059950280450634455,0.006096423665781738
0.0002571667228522918,0.0006947932702377487,0.001124643151958979,0.0016125811509165938,0.002025505211584927,0.0023878726923769883,0.002762487630867011,0.0032340956235865476,0.003673617774997979,0.00403050763798631,0.004368791738315629,0.004684632059512676,0.00495864244544576,0.005183093466816584,0.00537486704075243,0.005565619518403709,0.005705098332553063,0.005835890734127023,0.005944107983090647,0.006027173326248438
0.0002451105018834061,0.0007128811489885354,0.0012438643671428384,0.0016932160205402197,0.0020875510621161685,0.0024952140152640083,0.0030084266164889083,0.003486722807613833,0.003875097003476888,0.00424322406188805,0.00458692738183929,0.004885110587167164,0.005129362368951131,0.0053380539438293816,0.005545634342713178,0.005697417786018652,0.005839748513377939,0.005957512539211681,0.006047905792701346,0.006124911034187397
0.000277918238807649,0.0008352558491743797,0.0013069102596270624,0.0017208174081801769,0.002148713975104135,0.0026873989560928548,0.003189434514082202,0.003597084961120463,0.003983483340638717,0.0043442457535876515,0.004657228743307366,0.004913603520763578,0.00513265312472397,0.005350536401478016,0.005509853341623805,0.005659248397354419,0.005782857427736754,0.00587773718696591,0.005958564444416216,0.006039373178788544
0.00033013464666374354,0.0008384571506978105,0.0012845429150356968,0.0017457056849493862,0.0023262699547903455,0.002867335544967598,0.003306678189532742,0.0037231165551634394,0.0041119259228858075,0.004449241324859253,0.0047255475905478095,0.004961626890826054,0.0051964491894672645,0.005368151995918762,0.005529161555325635,0.005662380391941339,0.005764636441550258,0.005851747497846566,0.005938838591014847,0.006010860058486518
0.00029128245601260606,0.0007793594062194313,0.0012839325988262165,0.0019191468577784412,0.002511144326040041,0.0029918434094852037,0.0034474821760525037,0.003872891156972232,0.004241958914373887,0.004544274590554397,0.004802576634910804,0.005059503352873822,0.005247368980550125,0.005423534778681103,0.0055692938427077295,0.005681175513954061,0.005776486555205299,0.00587177575414857,0.005950576785257841,0.006023813910508859
0.0002759471009662873,0.0008189093711729344,0.001502452177572307,0.002139490161424135,0.0026567619258736556,0.003147066727465309,0.0036048417924725274,0.0040019890653658855,0.004327305606678745,0.004605259858822435,0.0048817341466085825,0.0050838930190804585,0.005273461912330208,0.005430310657897175,0.0055507045414893265,0.0056532670638186865,0.005755806082027547,0.0058406024750437295,0.005919411647572815,0.005988382033297137
0.0003274691976458268,0.0010609391624969331,0.0017445075114726095,0.002299561707548204,0.0028256792267773397,0.0033168909807408235,0.0037430465829396548,0.004092124811674337,0.004390381327054785,0.004687049778900447,0.004903974687915804,0.005107390023673899,0.005275695275109355,0.005404882937886143,0.005514936805681519,0.005624965452574453,0.00571595552199337,0.0058005210539010844,0.0058745291568602235,0.005937877217875954
0.0004893014001805121,0.0012530039836028922,0.0018731267908065473,0.0024609206949876817,0.003009716855710302,0.0034858303779745537,0.0038758308007569597,0.004209051716646249,0.004540498401434916,0.00478285326422507,0.0050101148360327434,0.005198150393146265,0.005342482634328548,0.005465438039266327,0.005588365266673096,0.005690022037623856,0.00578450112707144,0.005867185147636143,0.0059379594570742635,0.00600041788506754
0.0004350356529178304,0.0011457101116992697,0.0018193349322612538,0.0024482674758998135,0.002993904107584848,0.0034408532218018245,0.003822731764734536,0.004202576999566756,0.004480321035015332,0.0047407678250221946,0.004956260734218537,0.005121668676315473,0.005262578291061688,0.00540345561373387,0.005519956522646858,0.005628231649733535,0.005722989366885836,0.005804098291555734,0.00587567703208073,0.00594324820269683
0.0004136708485540012,0.001171977997889755,0.0018799745409701569,0.0024942039252156107,0.0029973396446168975,0.003427224679200701,0.003854820795647374,0.0041674804265533555,0.0044606683508329045,0.0047032511783754215,0.004889452786778715,0.005048076348456648,0.005206663558578256,0.005337809961496027,0.005459696507921926,0.005566366351695464,0.005657671593982717,0.005738248599199462,0.005814314237226916,0.005878631537890283
0.00045977227784138526,0.0012551592620702837,0.0019452050855062932,0.0025104445720880524,0.0029933917906367125,0.003473767562033502,0.0038250198433432843,0.004154396958506058,0.004426922616308387,0.004636107727752705,0.004814310739594717,0.00499247291288315,0.0051398071660355505,0.005276738586855723,0.005396575055234591,0.005499150416677988,0.005589673317960384,0.005675127998531093,0.0057473842041698975,0.00580450097468765
0.00047044445373804403,0.001263021953583226,0.0019122485467651048,0.002466955330045821,0.0030187085831617343,0.0034221523045499555,0.003800470499625792,0.004113489863222685,0.004353757113602977,0.0045584387344369875,0.004763073448648868,0.004932299621808826,0.005089577239436441,0.005227219820946548,0.0053450365234862475,0.0054490099298027716,0.005547162044889202,0.005630154566354428,0.0056957581330143595,0.005747210451903175
0.0004694456948839825,0.0012244180968331276,0.0018694753340889705,0.0025110979711818384,0.0029802544699860053,0.0034201930052170384,0.0037841968572975924,0.004063598756471657,0.004301618850748056,0.004539584398267517,0.004736374073497969,0.004919269016496545,0.00507933077531001,0.005216337422665883,0.00533724598237368,0.005451385080897069,0.005547895396297632,0.005624184449792711,0.0056840173050473905,0.005731811208375066
0.0004344934893495595,0.0011901235415908084,0.001941730249932193,0.002491307449017411,0.0030066582724168466,0.003433058030264311,0.0037603537483425274,0.004039174178352227,0.004317930711444856,0.004548453189120659,0.004762699161959596,0.004950197988712663,0.005110689700330893,0.0052523238624047645,0.005386028172656214,0.005499081852943848,0.005588448033413594,0.0056585371680370165,0.005714523687654936,0.005760834148386581
0.0004905406060663715,0.0013790632584199112,0.0020287538282151353,0.0026379831970028684,0.003142057787611036,0.0035289751159203616,0.003858586687042807,0.004188122721508111,0.004460638175426306,0.004713912125658869,0.004935566553447907,0.005125294132652828,0.0052927289891450706,0.005450789457548657,0.005584437487499282,0.005690082999733877,0.005772939875684593,0.005839125142999106,0.005893871718494421,0.005943056588418433
0.0005587420325497536,0.001351118060089894,0.002094146771824106,0.0027089265458570184,0.00318081890484388,0.003582819979662602,0.003984728928415314,0.00431709440031536,0.004625992537205252,0.004896326851944527,0.005127722523229377,0.005331929529806205,0.005524703339197104,0.005687703234815444,0.005816550681898257,0.005917604637846716,0.005998325555826002,0.006065095609185518,0.006125082491645197,0.00619527162894383
0.0004745408378240903,0.0013531235639607144,0.0020800603314280607,0.002638042100711323,0.0031133820097166507,0.0035886129856902583,0.003981613360728365,0.00434686515103109,0.004666517750535032,0.004940127957628051,0.005181589351651069,0.0054095317397548845,0.005602268427302392,0.005754622084066945,0.005874111760174974,0.005969558952261221,0.006048510161788475,0.006119440716545711,0.006202434768618182,0.006300873782244107
0.0005283803030170219,0.0013535674002734595,0.001986964109757617,0.002526549362941093,0.003066010960070476,0.003512127944671829,0.003926745939105795,0.004289601709400812,0.004600192152304725,0.004874288656636922,0.005133038971655947,0.005351825301980466,0.005524770566834734,0.005660410065883906,0.005768757579593161,0.005858379569194349,0.005938896859289378,0.006033108108443601,0.006144851808234399,0.006255209643039387
0.00048691716388051453,0.0012267448894282725,0.001856997817213378,0.0024871063107507513,0.0030081852950647643,0.003492472445913826,0.003916299654390913,0.004279079279718631,0.004599232811216812,0.0049014615000920565,0.005157010969676061,0.005359016600626671,0.00551744789743229,0.005644001277700959,0.005748682643633076,0.005842729427751655,0.005952771196423844,0.006083291431250839,0.006212192931207543,0.006319180188283196
0.0004284217758906153,0.0011479180361910477,0.0018672494104647406,0.0024621127804020115,0.0030149746213965173,0.0034988154384229322,0.003912964381219249,0.004278451407903018,0.0046234754479585445,0.004915210526974538,0.005145820000760511,0.005326685048015089,0.005471158290133422,0.005590662457414311,0.005698026194230894,0.005823649793179855,0.005972651593427862,0.006119805447186059,0.006241942018032711,0.006352518296708386
0.00042344658321932425,0.0012182836257319432,0.0018755876980552668,0.002486481489609752,0.003021109364614465,0.0034787300560299157,0.0038825809622403894,0.00426382095454628,0.004586178432191948,0.004840994166184518,0.005040843977266213,0.005200482064237591,0.00533253016096545,0.005451163489214977,0.005589973352692992,0.005754615344511801,0.005917215417438687,0.006052172231817045,0.006174355311073622,0.006283839924844004
0.0004847576530259686,0.00125559917647544,0.001972013878248426,0.0025989890986978007,0.0031356555302411745,0.0036092644137056943,0.004056356754743837,0.004434395686231678,0.004733226253179859,0.004967596523077602,0.005154809217084837,0.005309666246481479,0.005448791347527199,0.005611578117210522,0.005804659050588547,0.005995345360327854,0.006153613536010374,0.006296901543676267,0.0064252976544362855,0.0065393914828006106
0.00046908608194977017,0.0013370245097073432,0.0020966067540876703,0.0027467796465077657,0.0033205581419363406,0.003862211771576763,0.004320207001175889,0.00468224107418001,0.004966181315865088,0.005192990021619967,0.00538059974862459,0.005549150200149941,0.005746366829832463,0.00598028492410294,0.006211301925094742,0.006403044265426376,0.006576638090039791,0.006732190339634123,0.006870415333848096,0.007035442323657603
0.0005194757824146088,0.001352323201051744,0.002065208236380174,0.002694330286457896,0.003288228880822071,0.0037903998406381943,0.004187353752332318,0.0044986813262509855,0.004747366766846669,0.004953072308284763,0.005137880220135748,0.005354119293861597,0.005610599855942952,0.005863899501058113,0.006074136265240144,0.0062644740065318436,0.00643502998055086,0.006586587406325281,0.006767532002496604,0.006983502467309925
0.00045736488187922154,0.0012310576947212565,0.00191384269429883,0.0025583997424136885,0.003103404958084579,0.0035342183056614198,0.003872101546918474,0.004141999396518718,0.0043652512409049745,0.004565822926477778,0.004800506794010826,0.00507886467456952,0.005353770311816836,0.005581939883882361,0.005788513083138993,0.005973617166892121,0.006138102161307086,0.00633448099750451,0.0065688733442806485,0.0067601762109037325
0.00045643039312960555,0.0012221005694044089,0.0019449021964972723,0.002556067116364566,0.003039178098569472,0.0034180779294879127,0.003720739432314515,0.003971092441168922,0.004196012083432996,0.004459184880629847,0.004771333401184216,0.005079610600976705,0.00533547831419835,0.005567128010642079,0.005774702395732745,0.0059591546826842515,0.006179372493885359,0.006442218381807008,0.006656744037320518,0.006842522869814193
0.0004340492468985762,0.0012181593573216232,0.0018811636656147288,0.0024052524216498705,0.002816290771764932,0.003144624211406846,0.0034162123181009506,0.003660209784240214,0.003945705061693226,0.004284330213804056,0.0046187556773194275,0.004896326249033349,0.005147624616731436,0.005372805590201389,0.005572903234794472,0.005811800057637175,0.006096940697167042,0.006329662552138275,0.006531199260691042,0.006715499288447961
0.00045598294120022145,0.0011742957504607588,0.0017421045292885344,0.0021874321211183567,0.002543155473822565,0.0028373997395701547,0.0031017517251645875,0.0034110633121523866,0.0037779369225595678,0.0041402605020313685,0.004440986296180709,0.004713248232047345,0.004957214033810608,0.0051740040296163825,0.005432829871006986,0.005741757235811526,0.005993892987162942,0.0062122420951232805,0.006411916620656442,0.006575488567984053
0.0003971685586629938,0.0010356433112996587,0.001536393624852082,0.001936388109075781,0.0022672521988769214,0.0025645037999526615,0.002912310396739342,0.0033248428308754,0.003732258965326986,0.004070411234524648,0.004376557209431379,0.004650885488142002,0.004894655827924261,0.005185693535018196,0.0055330680917016544,0.005816583101468321,0.006062106590874775,0.006286631374659949,0.006470560476326711,0.00662215752825146
0.0003645877749179163,0.000918933000876825,0.001361738580300772,0.0017280147935323405,0.0020570809997938933,0.002442113063214711,0.0028987985194737233,0.003349820082515095,0.0037241645232545637,0.004063077061186134,0.004366766479910459,0.0046366273675253165,0.0049588146116171,0.005343368394022087,0.005657227792405452,0.0059290294678705875,0.00617758496275943,0.00638119985158607,0.006549022216803885,0.006705065265947846
0.000286788481850306,0.0007567828430189294,0.0011455488451839952,0.001494820102324159,0.0019034935858704184,0.0023882200645852624,0.0028669348803982628,0.003264264508699819,0.003623986673818887,0.003946322978913988,0.004232753641427187,0.004574723560055108,0.004982889395570404,0.0053160201289994165,0.00560451074601238,0.005868327839706648,0.006084444921435814,0.006262571776641578,0.006428196051955873,0.006585996118612836
0.00025827137601015625,0.0006647902807426047,0.0010300109227648444,0.0014573463790527154,0.0019642077715731165,0.0024647829801040023,0.002880256566825506,0.0032564053549340374,0.003593461067041106,0.003892971514349246,0.004250557404056343,0.004677362030692476,0.005025705096012216,0.005327369565128793,0.005603233800635568,0.005829219815022731,0.006015480788663467,0.006188668255218955,0.006353674222579392,0.0064925203975041935
0.00021769328407117243,0.0006008566068813357,0.0010491863411461564,0.001580948988205074,0.0021061166215432937,0.00254200173238096,0.002936630082861503,0.003290244779741712,0.0036044696756060515,0.003979623163458079,0.004427395989296038,0.004792852568219804,0.005109337309390138,0.00539875429451998,0.0056358426247462255,0.0058312542892536645,0.00601295016708533,0.00618606260231696,0.006331730058157066,0.006458513381609191
0.00021745206445967548,0.0006832590132090126,0.0012357513356099931,0.0017813915512167712,0.0022342687484374875,0.002644280875178886,0.0030116805152156922,0.0033381548236923846,0.0037279329002582445,0.004193161230648764,0.004572864384194893,0.004901686633408455,0.005202385945669402,0.005448716677820952,0.005651746064982842,0.005840524983677331,0.006020385851879712,0.0061717318545003565,0.006303457565591944,0.0064262297640297755
0.0002664215596125915,0.0008212303123874982,0.0013691582295919649,0.001823934201606042,0.00223566538308459,0.0026046054168084123,0.0029324485316445745,0.0033238608277987238,0.003791039717485062,0.004172334849566073,0.0045025357493324435,0.004804495801321526,0.005051859322467333,0.005255739949402434,0.005445310360038966,0.005625925329540666,0.005777905879399758,0.005910183875882159,0.006033470820386139,0.0061415639351154695
0.0003619772895785068,0.0009701404838336589,0.0014749112741625702,0.0019319052374926076,0.0023414039002781256,0.0027052877427926098,0.0031397291078435956,0.0036582663039218793,0.004081478296228151,0.004447979121687834,0.0047831345025125035,0.005057691400306229,0.00528398520544068,0.005494395631427337,0.005694866119120082,0.0058635543238360075,0.006010374017347609,0.006147214246920218,0.006267190345722001,0.0063570396261665605
0.0003266496932859337,0.0008740708486961362,0.0013696782970958464,0.001813777352381735,0.00220840738510329,0.002679556664282519,0.0032419074112728066,0.00370087849725976,0.004098346633641426,0.004461820807124082,0.004759576257906303,0.0050049906492346,0.005233179602935577,0.005450588748038647,0.005633530181455374,0.005792755334334606,0.0059411578132704855,0.0060712712348194725,0.006168712286988294,0.006268679294612171
0.0003091603846054343,0.0008372564260061017,0.0013104675406564745,0.0017309667861197732,0.00223300135006091,0.0028322159186134938,0.00332127397133185,0.003744797366881731,0.004132098390680632,0.0044493726273195115,0.004710874687027669,0.004954022128677208,0.005185683112110688,0.00538061691931534,0.00555027977082907,0.005708410488826022,0.005847053245457271,0.005950881858377488,0.006057402010904055,0.006158672277537785
0.0002968828917676118,0.0008060825003882059,0.0012585614143151658,0.0017987765435851356,0.002443562378787186,0.0029698141115279274,0.003425547167195906,0.00384230307936941,0.00418370655050571,0.0044650962777002074,0.004726735487541084,0.004976014674874088,0.00518577352301287,0.00536833951716133,0.005538496339818449,0.005687683109167416,0.005799408061151386,0.005914029248814759,0.006023001288013158,0.006110291136752834
