start,end,first3,last3,eq,erc_irr,erc_diff,erc_turn,erc_irr52,invvol_irr,invvol_diff,invvol_turn,invvol_irr52,6040_irr,6040_diff,6040_turn,6040_irr52,equal_irr,equal_diff,equal_turn,equal_irr52
1962,1981,10.751417327887737,16.755513735628625,6.0924617135158705,3.1485730436245527,-2.943888669891318,0.14085727422133815,2.40531848950392,3.1485730436245487,-2.943888669891322,0.14085727422133812,2.405318489503923,4.598917570381089,-1.4935441431347813,0.12290665714766165,3.5886447247270525,4.166216012614369,-1.926245700901502,0.12641994900806316,3.2376071215428404
1963,1982,17.123280310055122,16.11810585303466,6.945379083460207,5.023726747275438,-1.9216523361847688,0.15383803874082244,3.8277072326935766,5.023726747275438,-1.9216523361847688,0.15383803874082244,3.827707232693574,6.234562695464803,-0.7108163879954041,0.12668499113686496,4.917293059494268,5.985185134396703,-0.9601939490635036,0.13665457904013523,4.683860796366229
1964,1983,6.598921754530318,12.922492853559465,7.870347651336279,5.3161048897493455,-2.5542427615869334,0.13685541676727095,4.091149629366944,5.3161048897493455,-2.5542427615869334,0.13685541676727092,4.091149629366943,6.585261695672548,-1.2850859556637309,0.13174534195371607,5.2137105899769915,6.185342239483294,-1.685005411852985,0.135739178702594,4.86030254256022
1965,1984,10.330771569863838,15.623799718918963,7.633758915729039,5.603674604512107,-2.030084311216932,0.14317918561432602,4.3711692561489714,5.603674604512107,-2.030084311216932,0.143179185614326,4.37116925614897,6.720619725480187,-0.9131391902488515,0.13476940466024073,5.381339643446078,6.4287209269820424,-1.2050379887469962,0.14152635964958632,5.112504135778642
1966,1985,10.234208949362532,19.064458519168447,9.245822186929653,7.356198032236564,-1.889624154693089,0.14508274634001878,5.819794248714874,7.356198032236557,-1.8896241546930952,0.14508274634001878,5.81979424871487,8.324103729460736,-0.9217184574689163,0.13569036037578047,6.724934048985562,8.085261898627492,-1.160560288302161,0.14288365988084983,6.491542758247348
1967,1986,9.361784120859351,17.04410761756414,9.831422428690562,8.16495363351697,-1.6664687951735928,0.14607068799059258,6.534085376516352,8.16495363351697,-1.6664687951735928,0.14607068799059258,6.534085376516346,9.136320996656892,-0.6951014320336704,0.13428066753682097,7.426895510724468,8.922110023456453,-0.9093124052341093,0.14335840131073585,7.219997193126063
1968,1987,0.5713695210139313,16.209507211446006,9.418429913628481,7.609199956788074,-1.809229956840407,0.1419270350158373,6.168325052788508,7.609199956788074,-1.809229956840407,0.14192703501583728,6.168325052788512,8.595255238761107,-0.8231746748673743,0.14330006922902733,7.042034424813265,8.322233356634731,-1.0961965569937497,0.14438561392143565,6.798531520185557
1969,1988,1.1634511051474838,11.768525233378057,10.174288887622076,7.9661719057694755,-2.2081169818526005,0.14047157299401783,6.58664577731318,7.966171905769473,-2.208116981852603,0.1404715729940178,6.586645777313177,9.029064230896564,-1.145224656725512,0.14179717098695585,7.498483771543965,8.711928606241488,-1.4623602813805885,0.14281346515442744,7.224849776622822
1970,1989,10.775535984564023,15.615634651157428,11.57081685583293,8.966968045017873,-2.603848810815057,0.1437256676427055,7.387286866161164,8.966968045017875,-2.6038488108150553,0.14372566764270545,7.387286866161164,10.050305671030873,-1.5205111848020572,0.138403581239805,8.288397977759576,9.70610195950306,-1.86471489632987,0.13946036700794465,7.987921708031568
1971,1990,3.09794262301355,12.631678602094464,10.413039734991195,8.545718548242768,-1.867321186748427,0.1439998859188072,7.072389464313386,8.545718548242768,-1.867321186748427,0.14399988591880714,7.0723894643133836,9.440812635132811,-0.9722270998583831,0.13483344950150034,7.825598149658419,9.159170315525966,-1.2538694194652287,0.13592128121949712,7.5742423670371375
1972,1991,-12.017395774655315,17.748779714654074,12.06181940574246,9.613770454738054,-2.448048951004406,0.1485382584127495,7.930481328066394,9.613770454738054,-2.448048951004406,0.14853825841274948,7.930481328066391,10.70094840975602,-1.3608709959864402,0.1366115208127597,8.84523638895582,10.32774335715117,-1.7340760485912892,0.13800349434365525,8.51853207777446
1973,1992,-6.944296536662531,11.624602261850114,12.187105004566215,9.798276661979793,-2.3888283425864216,0.15222250605205595,8.107353893317148,9.798276661979791,-2.3888283425864234,0.1522225060520559,8.107353893317143,10.658686809976697,-1.528418194589518,0.13327109062061426,8.824414295293948,10.340125221954436,-1.846979782611779,0.1340185964590944,8.550831365451444
1974,1993,8.239437733268806,18.05127392474324,12.33011339904569,10.121132365821634,-2.208981033224056,0.1531556008691945,8.377591692995127,10.121132365821634,-2.208981033224056,0.15315560086919447,8.377591692995127,10.9081453274362,-1.4219680716094896,0.12775659427808395,9.017516540484818,10.618873914279527,-1.7112394847661623,0.1283681093908291,8.771727502716328
1975,1994,19.38914117002175,6.809125436071128,11.33996339157593,9.024412810306174,-2.315550581269756,0.14882851414784387,7.494112175421397,9.024412810306174,-2.315550581269756,0.14882851414784382,7.494112175421397,9.926742316387111,-1.4132210751888188,0.11808196989493296,8.203924766931017,9.591650490896592,-1.7483129006793376,0.12671525948273848,7.916341747677929
1976,1995,10.01818033287012,14.952525087910672,12.677412507670205,10.326973339718467,-2.3504391679517376,0.14538569825535436,8.534047688444929,10.326973339718462,-2.350439167951743,0.1453856982553543,8.534047688444923,11.10875454064136,-1.5686579670288445,0.11669669460016849,9.126095268181505,10.782177937014017,-1.8952345706561875,0.12081229430236182,8.858098733428168
1977,1996,8.993874233065702,18.316254028897518,13.18092330609813,10.498797878297522,-2.6821254278006084,0.1444040150541651,8.6613770682693,10.49879787829752,-2.68212542780061,0.14440401505416509,8.661377068269294,11.122048251609645,-2.0588750544884853,0.11402675967904097,9.144559448315661,10.75854330630633,-2.4223799997918007,0.12208217783941852,8.838760225023204
1978,1997,21.21186969201092,29.605166187924127,14.201494254996238,11.2650373181297,-2.936456936866538,0.14894937853903517,9.283508887620027,11.265037318129698,-2.9364569368665396,0.14894937853903517,9.283508887620027,11.886563062255542,-2.314931192740696,0.11612157253465591,9.808184298112538,11.480759651941295,-2.720734603054943,0.12577432560660698,9.454345326407987
1979,1998,16.755513735628625,25.501836726890993,14.697581225571277,11.612711628387148,-3.084869597184129,0.14472867491289526,9.607330416712298,11.612711628387146,-3.084869597184131,0.14472867491289526,9.607330416712298,12.350119410057061,-2.3474618155142153,0.11759447991734348,10.237520918774173,11.881078357783428,-2.8165028677878485,0.12732629796982126,9.827886904954445
1980,1999,16.11810585303466,26.879532653053673,15.237957106475013,10.965286601639882,-4.272670504835132,0.14643145137932578,9.170117732888144,10.965286601639884,-4.27267050483513,0.14643145137932576,9.170117732888148,12.29063712061296,-2.9473199858620536,0.11771778171467248,10.263933671690342,11.587014363343782,-3.650942743131232,0.12200965669655373,9.659588357470685
1981,2000,12.922492853559465,11.222345542007318,13.176448925969424,10.725733371627316,-2.450715554342109,0.1420660578409722,8.989526824239336,10.725733371627308,-2.450715554342116,0.14206605784097218,8.989526824239327,11.409178958262927,-1.767269967706497,0.11397875109250757,9.529929583473868,10.940105990296475,-2.2363429356729494,0.1137132914352353,9.129420593630766
1982,2001,15.623799718918963,-0.5626571524214641,11.221214532286908,9.819094406703908,-1.402120125583,0.14228428256743716,8.238447555155549,9.819094406703908,-1.402120125583,0.14228428256743714,8.238447555155549,10.132015091654695,-1.0891994406322123,0.12051254297770189,8.543555610224072,9.77343805129218,-1.4477764809947278,0.1201516981818179,8.219589402534128
1983,2002,19.064458519168447,-14.771099888176686,8.187204221973243,9.151652717583103,0.9644484956098598,0.14356335322423813,7.662588941008655,9.1516527175831,0.964448495609858,0.1435633532242381,7.662588941008649,8.742602289002582,0.5553980670293388,0.12425709675742339,7.4854368789700585,8.632259241427716,0.44505501945447357,0.1264083385388018,7.333378855868841
1984,2003,17.04410761756414,-2.663136232861718,9.284546611765714,9.966354809552067,0.6818081977863528,0.17395941430940054,8.23365237672275,8.912474751356122,-0.3720718604095925,0.14772640752988667,7.4170120494812055,8.962676946389747,-0.3218696653759672,0.13216472431141918,7.543541393107109,8.733253982667927,-0.5512926290977873,0.13177728447738332,7.322086091630411
1985,2004,16.209507211446006,5.145986798026958,9.028267726662293,9.61694115909123,0.5886734324289371,0.18424915425755503,8.034912768213873,8.375517765506983,-0.65274996115531,0.14281436749517074,6.956328501875572,8.526952076657555,-0.501315650004738,0.13191608394203297,7.1237677661662335,8.250756737171528,-0.7775109894907644,0.1310374375806707,6.876296754135463
1986,2005,11.768525233378057,16.07652335898184,8.437407541371321,9.185318915156493,0.7479113737851719,0.1889098191224588,7.741328530406036,7.83125604803008,-0.6061514933412413,0.14526880285723037,6.461856089059925,7.9118340079930345,-0.5255735333782869,0.12908281650410064,6.580997607641112,7.678506622645828,-0.7589009187254936,0.1307087183008156,6.370820878038969
1987,2006,15.615634651157428,11.076853246571062,8.641204677403008,9.035568623690626,0.3943639462876174,0.19942335352311286,7.544019425654702,7.648486703745499,-0.9927179736575091,0.14762184765313785,6.2547275091050185,7.82301412221135,-0.8181905551916584,0.12498147930037093,6.446833087030324,7.524282642474739,-1.1169220349282698,0.12989968704767557,6.183219590402124
1988,2007,12.631678602094464,8.98909748514063,8.247004230665192,8.849035052360712,0.6020308216955197,0.18698020680676203,7.382493486433725,7.486624238696144,-0.7603799919690486,0.13517870093678702,6.085123596480161,7.612908286046452,-0.63409594461874,0.12101940722908067,6.210857105332959,7.347917399833784,-0.8990868308314086,0.12115460864504446,5.981622671836154
1989,2008,17.748779714654074,-8.227652388953254,3.978769675654892,7.732335253145706,3.7535655774908143,0.1942314108908178,6.46330106049364,6.404249156252869,2.4254794805979776,0.1424299050208428,5.217185500819956,5.773413104164497,1.7946434285096053,0.1294393794325905,4.7628678184811255,5.961619509651833,1.9828498339969416,0.12822974493971834,4.8851375891249855
1990,2009,11.624602261850114,-4.84676246818908,5.069104165641418,7.1860605066738605,2.1169563410324423,0.1992727554439845,5.984347003807522,5.920276146614466,0.8511719809730476,0.1474712495740095,4.815737789291097,5.894137861355461,0.8250336957140432,0.13968202674769178,4.795689562272424,5.8690746930831486,0.7999705274417304,0.13879156550042704,4.7707319739497835
1991,2010,18.05127392474324,-1.466477954685086,5.422470526884878,7.041940999660401,1.6194704727755234,0.20166754279712257,5.7799268701143145,5.850027004861455,0.4275564779765775,0.14986603692714756,4.689471092679652,5.967239575836904,0.544769048952026,0.145129954152567,4.755028641825233,5.91805901416278,0.49558848727790217,0.14668229478630795,4.726650875137056
1992,2011,6.809125436071128,14.922711482488339,4.671923084771577,6.997898230264318,2.325975145492741,0.19548891771543714,5.699283221978875,5.881369058753064,1.2094459739814871,0.14368741184546213,4.6854725145630605,5.700276944575577,1.0283538598040005,0.14576031243365378,4.523825876175466,5.780497066858612,1.1085739820870355,0.14749201153462527,4.594265574030429
1993,2012,14.952525087910672,11.142446494386116,5.038617967255042,6.742951291796034,1.7043333245409924,0.19718827903010083,5.43354991065095,5.697046546676987,0.6584285794219449,0.14538677316012585,4.488338858559045,5.741974166956567,0.703356199701525,0.1474183901120798,4.5044406753699695,5.768578071524411,0.7299601042693693,0.150269236449493,4.539409774015048
1994,2013,18.316254028897518,16.47995163851612,6.518838439276206,6.92569126214376,0.4068528228675534,0.20896220936155255,5.517712016716662,5.49109503031187,-1.0277434089643362,0.14808886722768785,4.287112089477958,6.243755900389547,-0.2750825388866591,0.1455297148457391,4.870821815571904,6.076502306948408,-0.44233613232779856,0.15347074758606866,4.747833969617722
1995,2014,29.605166187924127,20.67015890313968,6.539281472170974,6.941433470615779,0.402151998444805,0.20879451338473637,5.5337068911963145,5.536567435522516,-1.0027140366484586,0.14868461184030685,4.280965083626498,6.282279261699253,-0.2570022104717209,0.14747517024670623,4.888295700575885,6.117141146770014,-0.42214032540096014,0.15673836838001431,4.759518000957624
1996,2015,25.501836726890993,14.812165952866941,5.809724001395944,6.220691261043113,0.41096725964716896,0.22129717130687201,4.931639914392581,5.027596823673071,-0.7821271777228729,0.15138030248673634,3.864546189745509,5.724241808282718,-0.08548219311322569,0.1499857829531471,4.474136253194495,5.592069318814534,-0.21765468258140963,0.15849547634292416,4.3602535396370445
1997,2016,26.879532653053673,8.347361449857083,6.138217934627124,6.018971351795259,-0.11924658283186496,0.22140985618017783,4.850432502210182,4.870443282534222,-1.2677746520929025,0.1514929873600421,3.7574211492448577,5.649504603861121,-0.48871333076600276,0.14835091255467864,4.457842374018926,5.467263410957937,-0.6709545236691872,0.15719728625305482,4.291523245213223
1998,2017,11.222345542007318,11.663117107008336,7.117564511770519,5.85175928271457,-1.2658052290559487,0.21814396179226572,4.671757580865596,4.821232401661718,-2.296332110108801,0.14822709297213002,3.725911753749521,6.063955745421265,-1.053608766349254,0.14820634997014878,4.800442017189279,5.700140558314837,-1.4174239534556818,0.15016003143816112,4.488109955387527
1999,2018,-0.5626571524214641,9.680083441178521,6.308347238159861,4.981588631815017,-1.3267586063448444,0.21928940280145545,3.9788054922265754,4.263172242299366,-2.045174995860495,0.14129806577123927,3.2998192039045735,5.519601733512815,-0.7887455046470464,0.1476410649739366,4.376605501254681,5.159772905816971,-1.14857433234289,0.14671204393494958,4.068819838614665
2000,2019,-14.771099888176686,14.893743534299952,7.938403379140449,5.648307495524066,-2.2900958836163827,0.22257490027922255,4.4960117038379295,4.931152187975145,-3.007251191165304,0.1348591714011796,3.8108885174916423,6.669716280642221,-1.2686870984982281,0.15106086972569246,5.295282133169843,6.127775243131721,-1.8106281360087282,0.15053501526380678,4.832224868044549
2001,2020,-2.663136232861718,15.438475272370479,9.231606561189402,5.787704481626882,-3.4439020795625197,0.19868097307000068,4.593640198244824,5.459781621805675,-3.771824939383727,0.14513810418743378,4.238811838321214,7.211012263692576,-2.0205942974968254,0.15136807162366975,5.751637824470639,6.65590428887344,-2.5757022723159615,0.15054548557156835,5.270743485382521
2002,2021,5.145986798026958,26.12635600009132,10.364362229304112,6.012066614072498,-4.352295615231614,0.20060065307552682,4.774856524535552,5.347030708375125,-5.017331520928987,0.14238181572901806,4.206356312889444,7.643878295509338,-2.7204839337947737,0.14362029077989172,6.168158107616464,6.936749499753161,-3.42761272955095,0.14294971624025649,5.56158046588969
2003,2022,16.07652335898184,7.163136039458595,8.090480161002569,4.339812634461857,-3.7506675265407123,0.1930954725711364,3.5655403229640905,3.8113468243306663,-4.279133336671903,0.13525288965324062,3.0687559554221746,5.856879133558736,-2.233601027443833,0.13506053578337085,4.796845891711651,5.227108910432911,-2.8633712505696582,0.1442445577350318,4.257768430960564
2004,2023,11.076853246571062,7.913666742094261,9.179996843964172,4.498187851188597,-4.681808992775576,0.18690607187292915,3.6914900128847683,3.979045111116719,-5.200951732847454,0.12906348895503333,3.154565497331134,6.384185180452534,-2.795811663511638,0.13372236123121412,5.204660676002841,5.658910905877115,-3.521085938087057,0.1381140502609238,4.574744613117191
2005,2024,8.98909748514063,8.247963685036064,10.248970791087144,4.4577171102716004,-5.791253680815544,0.18769793812808439,3.6035182415699127,4.0014260566381425,-6.247544734449002,0.1298553552101886,3.124562001862183,6.794414869448498,-3.4545559216386463,0.1364204547543725,5.476465673695132,5.889937936311174,-4.35903285477597,0.13889099462682947,4.704781347290651
2006,2025,-8.227652388953254,23.01803217183609,10.861324999044031,4.6539202881893145,-6.207404710854717,0.18385122297675566,3.6949655937930883,4.2486606501479365,-6.612664348896095,0.1260086400588598,3.2859887423731307,7.262076746788532,-3.5992482522554994,0.13993742647940946,5.826767353321285,6.220645674928958,-4.640679324115073,0.1401424059447996,4.938556886745833
